Year,Subject,Chapter,Level,Category,Stem,Stem Image,Question_A,Question_B,Question_C,Question_D,Ans_A,Ans_B,Ans_C,Ans_D
2025,Agriculture 1st Paper,Sources of Agricultural Information and Services,Dhaka,Board,"Observe the following table and answer the questions:


'X' Agricultural Field: Usually cultivated in small land and requires intensive care of crops.


'Y' Agricultural Field: Activities are conducted with the participation of everyone in the community and the produced goods are distributed according to the agreement.","""C:\Users\BMTF\.antigravity\testpaper\Agri1_Ch_Cq_Image\agri1_Ch1_CQ1.png""",What is a grain crop?,Why are field crops important for Bangladesh? Explain.,Explain the agricultural field marked 'X' in the stem.,Analyze the importance of the 'Y' field of the stem in the socio-economic development of Bangladesh.,"Crops that belong to the Poaceae (Gramineae) family and are cultivated for their edible starchy seeds are called grain crops. Examples include rice, wheat, maize, etc.","Field crops are vital for Bangladesh because they ensure food security for the massive population. They provide the staple food (carbohydrates) and serve as a major source of income for farmers.


Additionally, many field crops like jute and sugarcane act as primary raw materials for industries and contribute significantly to the national GDP through exports. They also provide fodder for livestock.","The agricultural field marked 'X' in the stem refers to Horticultural Crops. Horticulture is the branch of agriculture that deals with the intensive cultivation of fruits, vegetables, flowers, spices, and plantation crops.


Key characteristics matching the stem include:

1. Cultivation in small land areas (like kitchen gardens or specialized plots).

2. Requirement for intensive care, including individual plant attention, frequent irrigation, and protection.

3. High perishability, requiring quick marketing or processing. In the context of Bangladesh, this includes winter vegetables and seasonal fruits.","The field marked 'Y' refers to Cooperative Farming. Its importance in the socio-economic development of Bangladesh is immense:


1. Resource Pooling: It allows small and marginal farmers to combine their fragmented land, capital, and labor to use modern machinery (tractors, power pumps) that they couldn't afford individually.


2. Increased Productivity: Collective management and the application of scientific methods lead to higher yields compared to individual traditional farming.


3. Elimination of Middlemen: Farmers can market their products directly as a group, ensuring better prices and profit distribution according to the agreement.


4. Poverty Alleviation: By reducing production costs and increasing income, it improves the living standards of the rural community, fostering social unity and financial stability."
2025,Agriculture 1st Paper,Agriculture Information and Services,Dhaka Board,Board,"Rashed is a rice farmer. He is a pioneer farmer. He is well-aware of the latest agricultural information. Other farmers in the area easily obtain agriculture-related information from him. At the beginning of the season, a club house near his home was selected as a center for season-long training on rice cultivation under the supervision of the Department of Agricultural Extension. In that center, 50 male and female farmers of the area are given hands-on training on rice cultivation throughout the season.",NA,What is 'e-Agriculture'?,Explain the necessity of agricultural education in Bangladesh.,To which source of obtaining agricultural information and services does Rashed in the stem belong? Explain.,How can farmers get agricultural information and services from the center mentioned in the stem? Analyze.,"e-Agriculture is a service through which agricultural information and services are delivered to farmers using electronic media and information technology (such as mobile phones, the internet, or radio).","Agricultural education is essential for transforming traditional farming into a modern, scientific, and profitable sector. Since Bangladesh is an ivory-tower agrarian economy, the majority of the population depends on it, making scientific knowledge crucial for food security.


Through agricultural education, farmers learn about high-yielding varieties, modern irrigation, integrated pest management, and the proper use of fertilizers. This education helps in climate adaptation and ensures the sustainable use of land, ultimately improving the socio-economic condition of the country.","Rashed, mentioned in the stem, belongs to the ""Pioneer Farmer"" (Agragami Krishak) source of obtaining agricultural information and services. Pioneer farmers act as local leaders and reliable primary sources of information for their peers.


In the stem, it is mentioned that Rashed is well-versed in the latest agricultural news and other local farmers easily seek advice from him. This is a classic characteristic of an advanced or pioneer farmer who adopts new technologies first and then disseminates that knowledge to the community through informal discussions.


Such farmers bridge the gap between agricultural scientists and general farmers. Because they are local residents, other farmers trust their practical success more than theoretical advice, making Rashed an effective informal extension agent in his locality.","The center mentioned in the stem refers to the Farmers' Field School (FFS), organized by the Department of Agricultural Extension (DAE). Farmers can obtain information and services from this center through a systematic, hands-on learning approach throughout the cropping season.


Firstly, Practical Training: Unlike classroom learning, farmers here learn ""by doing."" In this center, 50 farmers are trained directly in the field, allowing them to identify pests, diseases, and nutrient deficiencies in real-time. This helps them make informed decisions for their own plots.


Secondly, Group Discussion and Problem Solving: The center serves as a hub for ""Farmer-to-Farmer"" communication. Farmers share their experiences and challenges, and under the guidance of sub-assistant agriculture officers, they find scientific solutions collectively. This builds their confidence and leadership skills.


Thirdly, Observation and Analysis: Farmers are taught to use the ""Agro-Ecosystem Analysis"" (AESA) method. They regularly visit the field, observe the condition of the soil and crops, and decide whether a particular intervention (like pesticide application) is actually necessary, which reduces production costs.


Lastly, Technology Demonstration: The center acts as a demonstration site for the latest rice cultivation technologies. By seeing the success of modern methods at the center, farmers are encouraged to adopt these practices in their own fields, leading to increased productivity and sustainable agricultural development in the region."
2025,Agriculture 1st Paper,Scope and Importance of Agriculture,Chittagong Board,Board,Observe the images below and answer the questions. [Image-1: Jute field; Image-2: Eggplant/Brinjal plant],"""C:\Users\BMTF\.antigravity\testpaper\Agri1_Ch_Cq_Image\agri1_Ch1_CQ3.png""",What is agriculture?,Why is a courtyard meeting (Uthan Boithok) necessary for farmers? Explain.,Which sector does the crop shown in Figure-2 represent? Explain.,Analyze the economic importance of Figure-1 in the context of Bangladesh.,"Agriculture is a primary production sector that involves the systematic cultivation of land for the production of crops, livestock, fisheries, and forestry to meet human needs.","A courtyard meeting (Uthan Boithok) is an informal but effective extension method where local farmers gather to discuss specific agricultural problems and solutions. It is necessary because it allows for direct interaction between farmers and agricultural officers in a familiar environment.


Through these meetings, farmers receive timely advice on seeds, fertilizers, and pest control. It fosters a sense of community, encourages women's participation in agriculture, and helps in the rapid dissemination of new technologies at the grassroots level.","Figure-2 shows an eggplant (brinjal) plant, which represents the Horticulture sector of agriculture. Horticulture deals with the intensive cultivation of fruits, vegetables, flowers, spices, and plantation crops.


Vegetables like eggplant are essential components of horticulture that provide vital vitamins and minerals. Unlike field crops, horticultural crops are usually grown on a smaller scale but require more intensive care and labor per unit of land.


In the context of Bangladesh, this sector is crucial for nutritional security and self-employment. The cultivation of such crops contributes significantly to the daily food basket of the population and offers high profit margins for small-scale farmers.","Figure-1 represents Jute, which is known as the ""Golden Fiber"" of Bangladesh. In the context of our economy, jute plays a multifaceted role ranging from foreign exchange earnings to environmental sustainability.


Foreign Exchange Earner: Jute is one of the primary export commodities of Bangladesh. Raw jute and jute goods (like sacks, carpets, and handicrafts) are exported to various countries, contributing a significant portion to the national GDP and strengthening the country's foreign reserve.


Employment Generation: The jute sector provides a livelihood for millions. From the farmers who cultivate it to the laborers working in jute mills and the artisans creating jute products, it supports a vast value chain that sustains the rural and urban economy alike.


Industrial Raw Material: Jute serves as a versatile raw material for domestic industries. It is used for making eco-friendly packaging materials, textiles, and even high-end automobile components. As the world moves away from plastic, the demand for jute as a biodegradable alternative is increasing.


Environmental and Soil Benefits: Beyond direct cash, jute cultivation improves soil fertility by shedding leaves that act as organic manure. It also absorbs a high amount of carbon dioxide. Therefore, its economic importance is intertwined with its ecological value, making it an indispensable asset for the sustainable development of Bangladesh."
2023,Agriculture 1st Paper,Agriculture Information and Services,Dhaka Board,Board,Observe the two images below and answer the questions: [Image-1: A courtyard meeting/Uthan Boithok; Image-2: Farmers using a laptop/digital device],"""C:\Users\BMTF\.antigravity\testpaper\Agri1_Ch_Cq_Image\agri1_Ch1_CQ4.png""",What is a field crop?,Why is social forestry important for environmental conservation? Explain.,How do farmers in Image-1 receive agricultural information and services? Explain.,"Between Image-1 and Image-2, which one will be more effective in the context of Bangladesh? Give arguments in favor of your opinion.","Field crops are those crops that are grown on a large scale in open fields, usually for commercial or subsistence purposes, such as rice, wheat, or jute.","Social forestry is crucial because it involves the participation of local communities in planting and managing trees on fallow lands, roadsides, and around homes. This helps restore ecological balance, prevents soil erosion, and increases the country's total forest cover.


Furthermore, social forestry contributes to biodiversity conservation and mitigates the effects of climate change by acting as a carbon sink. It also provides fuel, fodder, and timber for rural people, reducing the pressure on natural reserve forests and ensuring environmental sustainability.","Image-1 represents a ""Courtyard Meeting"" (Uthan Boithok), which is a group-based extension method used by agricultural officers to provide information and services directly to farmers in their own locality.


In this method, the Sub-Assistant Agriculture Officer (SAAO) or an expert gathers 15-20 male and female farmers at a convenient time and place, usually a farmer's house. They discuss specific seasonal problems, new crop varieties, and modern farming techniques. The service is delivered through face-to-face communication, making it highly interactive.


This approach allows farmers to ask questions immediately and clear any doubts regarding fertilizer application or pest management. It is a powerful tool for community-level awareness and encourages the adoption of modern agricultural practices through collective learning and shared experiences.","In the current context of ""Smart Bangladesh,"" Image-2 (e-Agriculture/Digital Agriculture) is likely to be more effective in the long run, although both have their specific merits. e-Agriculture allows for the rapid, accurate, and widespread dissemination of information compared to traditional meetings.


Speed and Accessibility: While a courtyard meeting (Image-1) is limited to a specific time and a small group of people, digital platforms (Image-2) can reach thousands of farmers instantly. Through the internet, apps, or call centers (like 16123), farmers can get expert solutions 24/7 without waiting for a physical visit from an officer.


Precision and Visual Learning: Digital media can provide high-quality videos and tutorials on complex agricultural tasks, such as integrated pest management or the use of modern machinery. Farmers can see ""how-to"" guides repeatedly until they master the technique, which is often more effective than just hearing a lecture during a meeting.


Overcoming Geographical Barriers: In remote or disaster-prone areas where physical movement is difficult, digital services are the only reliable way to get weather forecasts and market prices. This helps farmers make proactive decisions to save their crops and get better prices for their produce, making it a more powerful tool for economic empowerment.


Conclusion: While courtyard meetings are essential for building trust and community bonds, the scalability and efficiency of e-Agriculture make it more effective for modernizing the agricultural sector. As smartphone and internet penetration grow in rural Bangladesh, digital services will become the primary driver for achieving food security and agricultural prosperity."
2023,Agriculture 1st Paper,Scope and Importance of Agriculture,Dhaka Board,Board,"The image shows a flowchart of Agricultural Sectors. Under ""Agricultural Sector,"" it branches into: Crop-1 (Field Crops) and Crop-2 (Horticultural Crops).","""C:\Users\BMTF\.antigravity\testpaper\Agri1_Ch_Cq_Image\agri1_Ch1_CQ5.png""",What is a courtyard meeting?,Explain the necessity of agricultural education.,Describe the characteristics of Crop-2 in light of the stem.,"Between Crop-1 and Crop-2, which one is more profitable from an economic perspective? Give arguments in favor of your answer.",A courtyard meeting (Uthan Boithok) is an informal group discussion held at a farmer's house where local farmers and agricultural officers gather to solve specific farming problems.,"Agricultural education is essential for transforming traditional farming into a modern, scientific, and profitable sector. It provides farmers with the knowledge of high-yielding varieties, modern machinery, and sustainable soil management, which are crucial for ensuring national food security.


Furthermore, agricultural education helps in climate change adaptation and professionalizing the sector. By understanding the science behind crop cycles and pest management, farmers can reduce production costs and increase yields, ultimately improving their socio-economic status and the country's economy.","Crop-2 in the stem refers to Horticultural Crops. These crops include fruits, vegetables, flowers, spices, and ornamental plants, which are typically grown with intensive care on a smaller scale compared to field crops.


Intensive Management: One of the primary characteristics of horticultural crops is that they require individual attention. Unlike field crops, each plant often needs specific pruning, irrigation, and pest management. They are usually grown in fenced areas or kitchen gardens for better protection.


Perishability and Value: Most horticultural crops are highly perishable and have a high moisture content, requiring quick marketing or processing. However, they yield a much higher market price per unit of land than field crops, making them high-value crops that contribute significantly to the nutritional needs of the population.","From an economic perspective, Crop-2 (Horticultural Crops) is generally considered more profitable than Crop-1 (Field Crops) due to several factors related to market value and land productivity.


Higher Market Value: Horticultural crops like fruits, flowers, and off-season vegetables command a much higher price in the market compared to staple field crops like rice or wheat. Because they are often considered high-value commodities, even a small plot of land can generate a substantial income for a farmer throughout the year.


Year-round Production: While many field crops are seasonal and occupy the land for a long duration, horticultural crops allow for multiple cropping and intensive use of land. A farmer can grow various vegetables and spices in quick succession, ensuring a constant flow of cash and reducing the risk associated with a single major harvest.


Employment and Industry: The cultivation of horticultural crops is labor-intensive, providing more employment opportunities per acre. Additionally, these crops are the primary raw materials for the food processing and export industries. Exporting flowers or processed fruits earns significantly more foreign exchange than staple grains.


Conclusion: While Crop-1 is vital for basic food security (caloric needs), Crop-2 is the driver of economic prosperity for individual farmers. For a country like Bangladesh with limited land, focusing on high-value horticultural crops is the most effective way to maximize profit and improve the rural economy."
2023,Agriculture 1st Paper,Soil and Soil Reactions,Dhaka Board,Board,"Observe the chart below and answer the questions. The chart shows a pH scale from 1 to 14. Soil 'A' covers the acidic range (below 7), Soil 'B' covers the slightly acidic to slightly alkaline range (5.5 - 8.0), and Soil 'C' covers the alkaline range (above 8).","""C:\Users\BMTF\.antigravity\testpaper\Agri1_Ch_Cq_Image\agri1_Ch1_CQ6.png""",What is green manure?,How does crop rotation maintain soil fertility? Explain.,What type of soil is indicated by 'C' in the stem? Explain.,Which types of crops grow well in the soil marked 'A' in the stem? Give your opinion.,Green manure refers to the organic fertilizer created by growing specific plants (like Dhaincha or Sunn hemp) and then plowing them back into the soil while they are still green to improve soil fertility.,"Crop rotation is a systematic approach to planting different types of crops in a specific order on the same piece of land. It maintains soil fertility by ensuring that the same nutrients are not exhausted repeatedly by the same type of crop year after year.


By including leguminous crops (like pulses) in the rotation, nitrogen is naturally fixed in the soil through root nodules. Furthermore, different crops have different rooting depths, which prevents the depletion of nutrients from a single soil layer and breaks the life cycle of pests and diseases, keeping the soil healthy and productive.","The soil marked 'C' in the stem is Alkaline Soil (Khariyo Matit). This is because it is positioned on the pH scale in the range greater than 7.0, specifically extending toward 14.


Alkaline soil is characterized by a high concentration of basic cations like Calcium, Magnesium, and Sodium. In Bangladesh, such soils are often found in coastal regions where salt accumulation is high. These soils typically have poor physical structure and low availability of essential micronutrients like Iron, Manganese, and Boron.


Crops grown in 'C' type soil often suffer from nutrient deficiencies. To manage this soil for agriculture, farmers often need to apply gypsum or organic matter to lower the pH and improve the soil's chemical balance, making it more suitable for cultivation.","The soil marked 'A' in the stem is Acidic Soil, as it falls within the pH range of 1.0 to 6.0. In my opinion, only specific acid-tolerant crops can thrive in this environment because high acidity often makes essential nutrients unavailable while increasing the toxicity of Aluminum and Manganese.


Tea and Coffee Cultivation: Acidic soil is ideal for tea and coffee. In Bangladesh, the hilly regions of Sylhet and Chittagong have naturally acidic soil, which is why tea estates are concentrated there. Tea plants prefer a pH range of 4.5 to 5.5 to grow optimally and produce high-quality leaves.


Fruit Production: Certain fruits like pineapple and lemons grow exceptionally well in 'A' type soil. These plants are adapted to acidic conditions and can efficiently absorb nutrients that would otherwise be locked up in neutral or alkaline soils. Pineapple cultivation in Madhupur and hilly areas is a primary example of using acidic soil productively.


Root Crops and Others: Some root crops like potatoes and certain varieties of rice (like Jhum rice) can tolerate moderate acidity. However, for most common field crops, the acidity must be neutralized using lime (dolomite) to bring the pH closer to the 'B' range shown in the stem.


Conclusion: While 'A' type soil is challenging for general agriculture, it is highly valuable for specialized cash crops. By choosing the right crops—specifically tea, pineapple, and citrus fruits—farmers can achieve high productivity and economic success even in acidic conditions."
2023,Agriculture 1st Paper,Scope and Importance of Agriculture,Barisal Board,Board,"Observe the chart below and answer the questions. The chart shows a central node 'A' connected to various sectors: Fisheries (মৎস্য), Field Crops (মাঠ ফসল), Livestock (গবাদিপশু), Poultry (পোল্ট্রি), a question mark '?', and Horticultural Crops (উদ্যান ফসল).","""C:\Users\BMTF\.antigravity\testpaper\Agri1_Ch_Cq_Image\agri1_Ch1_CQ7.png""",What is an industrial crop?,Explain the necessity of agricultural education.,What is indicated by the 'A' sign in the chart? Explain.,Analyze the importance of the '?' indicated in the chart.,"Industrial crops are those crops that are primarily grown to be used as raw materials in industries for manufacturing finished products, such as jute, sugarcane, and cotton.","Agricultural education is essential for modernizing the traditional farming sector of Bangladesh by introducing scientific methods and advanced technologies. It equips farmers and professionals with the knowledge of high-yielding varieties, pest management, and soil conservation, which are fundamental to achieving food security.


Furthermore, agricultural education promotes the development of skilled manpower who can lead the nation toward commercial agriculture. It helps in understanding market dynamics and climate change adaptation, ensuring that agriculture remains a profitable and sustainable profession for the growing population.","The 'A' sign in the chart indicates Agriculture (কৃষি) as a whole. In a broad sense, agriculture is not just about growing crops; it is a multi-sectoral field that encompasses several specialized branches that work together to meet human needs.



As shown in the stem, 'A' acts as the core or the source from which all other branches originate. It includes plant production (crops), animal husbandry (livestock and poultry), and the management of aquatic resources (fisheries). These sectors are interconnected and collectively form the backbone of the agrarian economy.


Therefore, 'A' represents the primary production sector that utilizes natural resources like land and water to produce food, fiber, and fuel. Understanding 'A' as a unified system helps in integrated farming, where the waste of one sector (like livestock manure) can be used as a resource for another (like crop fertilizer).","The '?' indicated in the chart refers to Forestry (বনায়ন), which is one of the vital branches of agriculture. Forestry involves the management, conservation, and creation of forests to provide timber, protect the environment, and support biodiversity.


Economic Importance: Forestry is a major source of timber, fuel, and raw materials for industries like paper, matches, and furniture. In rural Bangladesh, trees planted around homesteads and on fallow lands provide significant financial security for families, acting as a ""living bank"" that can be harvested in times of need.


Environmental Protection: Forests play a critical role in maintaining the ecological balance by absorbing carbon dioxide and releasing oxygen. They prevent soil erosion, protect against natural disasters like cyclones and floods, and help maintain the hydrological cycle. For a disaster-prone country like Bangladesh, the forestry sector is a natural shield.


Livelihood and Biodiversity: A large number of people depend on forest products like honey, wax, and medicinal plants for their livelihood. Additionally, forests provide a natural habitat for various wildlife species, ensuring the survival of the country's unique flora and fauna.


Conclusion: While the other sectors in the chart focus primarily on food production, the forestry sector ('?') ensures the sustainability of the entire agricultural system. Without a healthy forest ecosystem, crop production and livestock health would be severely compromised by climate instability, making forestry an indispensable part of the agricultural framework."
2022,Agriculture 1st Paper,Scope and Importance of Agriculture,Dhaka Board,Board,"The image shows a flowchart of Agricultural Sectors. Under ""Agricultural Sector,"" it branches into: Crop-1 (Rice, Jute, Wheat, Mustard) and Crop-2 (Eggplant, Tomato, Gourd, Guava).","""C:\Users\BMTF\.antigravity\testpaper\Agri1_Ch_Cq_Image\agri1_Ch1_CQ8.png""",What is the Internet?,Why is an experienced farmer important? Explain.,Which field of agriculture does Crop-1 in the chart represent? Explain.,"Between Crop-1 and Crop-2 mentioned in the chart, which one is more profitable to cultivate? Show arguments in favor of your answer.",The Internet is a global network of interconnected computers that allows for the rapid exchange of information and communication worldwide.,"An experienced farmer (pioneer farmer) is crucial because they possess practical, time-tested knowledge of local soil, weather patterns, and traditional farming techniques. They act as a bridge between modern agricultural research and the local farming community, making it easier for others to adopt new technologies.


Their success serves as a living demonstration for other farmers. Because they have faced and overcome various agricultural challenges over the years, their advice is highly trusted, and they play a vital role in ensuring food security at the grassroots level.","Crop-1 in the chart represents the Field Crops (মাঠ ফসল) sector of agriculture. This is evident from the examples provided: rice, jute, wheat, and mustard, which are typically grown on a large scale in open fields.


Field crops are characterized by being grown collectively rather than individually. They are usually seasonal crops that cover vast areas of land and require less intensive individual care per plant compared to horticultural crops. These crops form the staple food supply and provide major industrial raw materials for the country.


In the context of Bangladesh, this sector is the most vital for national food security. Most field crops have a definite growing season and are harvested all at once. They are generally less perishable than horticultural crops, allowing them to be stored and transported over long distances to meet the caloric needs of the entire population.","Between Crop-1 (Field Crops) and Crop-2 (Horticultural Crops), Crop-2 is generally more profitable from a commercial and economic standpoint.


Higher Economic Value: Horticultural crops such as eggplant, tomato, and guava have a much higher market price per unit of production compared to staple field crops like rice or wheat. Since these are often considered high-value nutritional products, they provide a better return on investment for small-scale farmers.


Intensive Land Use: Field crops usually occupy the land for a long duration for a single harvest. In contrast, many horticultural crops have shorter life cycles or can be grown in multi-cropping systems. This allows farmers to utilize the same piece of land multiple times a year, ensuring a continuous flow of income rather than a one-time seasonal payout.


Nutritional and Industrial Demand: There is a constant and growing demand for fresh vegetables and fruits in urban markets. Additionally, these crops are the primary raw materials for the burgeoning food processing industry. Exporting high-quality horticultural products like guava or off-season tomatoes earns significantly more profit and foreign exchange than exporting raw grains.


Conclusion: While Crop-1 is indispensable for basic survival and food security, Crop-2 is the key to economic empowerment and poverty alleviation. For a land-scarce country like Bangladesh, shifting toward high-value horticultural cultivation is a more strategic and profitable approach for improving the socio-economic status of rural farmers."
2022,Agriculture 1st Paper,Agriculture Information and Services,Dhaka Board,Board,"There is a famous agricultural research institute established in 1970 at Joydebpur in Gazipur district. This institute works only with rice crops. The institute is continuing its research activities in developing new varieties of rice, improving cultivation methods, increasing yields, and identifying and controlling harmful insects and pests.",NA,What is a Farmers' Meeting (Krishok Sobha)?,Why is horticultural crop cultivation profitable? Explain.,Explain the activities of the research institute mentioned in the stem.,Analyze the role of the research institute in meeting food demand.,A Farmers' Meeting (Krishok Sobha) is a group-based extension method where a large number of farmers gather at a specific place to receive information on new agricultural technologies or to solve common farming problems.,"Horticultural crop cultivation is highly profitable because these crops, such as fruits, vegetables, and flowers, have a much higher market price per unit of land compared to traditional field crops. They allow for intensive land use and can often be grown year-round.


Additionally, horticultural crops have a high demand in both local and international markets and serve as essential raw materials for the food processing industry. By producing high-value crops on a small piece of land, farmers can ensure a steady cash flow and significantly improve their socio-economic status.","The research institute mentioned in the stem is the Bangladesh Rice Research Institute (BRRI). As described, its primary activities revolve around the scientific development and improvement of rice cultivation in Bangladesh.


Variety Development: BRRI is dedicated to innovating high-yielding (HYV) and stress-tolerant rice varieties (such as those resistant to salinity, drought, or submergence). These varieties are tailored to the different agro-ecological zones of Bangladesh, ensuring that farmers can grow rice even in challenging environments.


Technical and Pest Management: Beyond seeds, the institute develops modern cultivation technologies, including balanced fertilizer recommendations and irrigation techniques. It also conducts extensive research on identifying harmful pests and diseases, providing farmers with integrated pest management (IPM) solutions to protect their yields scientifically.","BRRI plays a monumental role in ensuring the food security of Bangladesh by constantly increasing rice production to match the needs of a growing population. Since rice is the staple food, the institute's contributions are the backbone of the national economy.


Increasing Productivity: Through the release of more than 100 high-yielding varieties, BRRI has enabled farmers to produce significantly more rice from the same amount of land. This ""Green Revolution"" led by research has been the primary reason Bangladesh has moved toward self-sufficiency in food grains despite losing agricultural land to urbanization.


Climate Resilience: In the face of climate change, the institute's role is even more critical. By developing ""Climate Smart"" rice varieties that can survive floods or salty water in coastal areas, they ensure that food production does not collapse during natural disasters, protecting the nation from potential famines.


Nutritional Security and Economic Stability: Modern varieties developed by the institute are not only high-yielding but also bio-fortified with minerals like Zinc. By stabilizing rice prices through consistent supply, the institute helps maintain economic stability, ensuring that even the poorest citizens can afford their daily meals. Therefore, BRRI is indispensable for the country's survival and prosperity."
2022,Agriculture 1st Paper,Agriculture Information and Services,Rajshahi Board,Board,"Seeing a poster that says ""If you want higher yield, apply balanced fertilizer,"" Rahman Mia decided not to use excess fertilizer on his land. He started thinking about the fertilizer application system for his Boro rice field. He asked his friend Rafiq for advice on the amount and timing of fertilizer application. Rafiq Saheb asked him to call the number 7676 from his Banglalink phone to learn about fertilizer management.",NA,What is a Farmers' Field School?,What do you mean by e-Agriculture?,Write the working procedure of the process Rafiq Saheb suggested to his friend for learning about fertilizer management.,What benefits do you think Rahman Mia can get by adopting the mentioned fertilizer management?,"A Farmers' Field School (FFS) is a season-long, field-based training center where 50 male and female farmers receive hands-on education on modern agricultural techniques from the Department of Agricultural Extension.","e-Agriculture is the use of information and communication technology (ICT), such as mobile phones, the internet, and radio, to provide agricultural information and services to farmers. It bridges the gap between scientific knowledge and rural farmers by offering real-time solutions.


Through e-Agriculture, farmers can access weather updates, market prices, and pest control methods instantly. It transforms traditional farming into a precise, technology-driven sector, reducing the need for physical visits to agricultural offices and enabling farmers to make informed decisions for better productivity.","The process suggested by Rafiq Saheb refers to using an Agriculture Call Center (AIS), which is a vital part of e-Agriculture in Bangladesh. The working procedure for obtaining information through this method is direct and user-friendly.


First, the farmer dials the specific shortcode (in this case, 7676 for Banglalink or the universal 16123) from their mobile phone. Once connected, the farmer follows the IVR (Interactive Voice Response) instructions or waits to be connected to an agricultural expert or a customer service representative specialized in farming.


Finally, the farmer describes their specific problem—such as soil type, crop variety, or pest symptoms—to the expert. The expert then provides scientific advice on fertilizer doses, application timing, or pest remedies. This immediate two-way communication allows the farmer to receive expert guidance without leaving the field, ensuring the advice is tailored to their specific needs.","By adopting the mentioned fertilizer management through the call center, Rahman Mia can achieve significant improvements in both his crop yield and his overall economic condition.


Optimal Resource Utilization: Instead of applying fertilizer based on guesswork or traditional habits, Rahman Mia will use a ""Balanced Fertilizer"" dose as advised by experts. This ensures the crop receives exactly what it needs for maximum growth, preventing the waste of expensive fertilizers and reducing the overall cost of production.


Soil Health Preservation: Excessive or unbalanced use of chemicals like Urea can damage the physical and chemical structure of the soil over time. By following scientific management, Rahman Mia will maintain the long-term fertility and productivity of his land, ensuring sustainable yields for future seasons.


Increased Productivity: Proper timing and the right amount of nutrients directly translate to healthier plants and higher grain weight. Since Boro rice is highly responsive to inputs, scientific management will likely lead to a bumper harvest, significantly increasing his total output and profitability.


Conclusion: Beyond just the immediate harvest, this experience will empower Rahman Mia with technical knowledge. It shifts his farming approach from traditional to scientific, making him a more resilient and successful farmer who can handle future agricultural challenges with the help of modern e-Agriculture services."
2022,Agriculture 1st Paper,Soil and Soil Management,Rajshahi Board,Board,"Arman Ali got good yields of field crops on land near his house, but not on land near the riverbank. To make that land more productive, he went to the Upazila Agriculture Officer, who showed him the correct way. The officer advised him to select crops based on the soil texture of his different lands. Following this advice, Arman Ali achieved a good harvest the next year. Seeing his decision, other farmers in the village also got good yields.",NA,What is soil texture?,What is the function of organic matter in soil? Explain.,How did Arman Ali make his mentioned land more suitable for high crop cultivation?,Evaluate the final advice given by the Agriculture Officer.,"Soil texture is the relative proportion of sand, silt, and clay particles present in a given mass of soil.","Organic matter acts as the ""soul"" of the soil, significantly improving its physical, chemical, and biological properties. It increases the soil's water-holding capacity and enhances its aeration, which is vital for root respiration.


Furthermore, organic matter serves as a reservoir of essential plant nutrients and promotes the growth of beneficial microorganisms. It also helps in maintaining a stable soil temperature and buffers the soil against rapid changes in pH, thereby creating an ideal environment for crop growth.","Arman Ali made his riverbank land suitable for higher productivity by shifting from a trial-and-error method to a scientific, ""Soil Texture-Based"" crop selection approach as advised by the Agriculture Officer.


Initially, Arman Ali was likely trying to grow the same field crops on the riverbank as he did near his house. However, riverbank soils are often sandy or have a different texture that may not hold enough water or nutrients for certain crops. By consulting the officer, he identified the specific physical characteristics of that soil.


By matching the crop requirements with the soil's texture—for example, planting crops like watermelon or groundnuts if the soil was sandy, or pulses if it was loamy—he ensured that the plants could thrive in their specific environment. This scientific alignment between soil capability and crop demand was the key to his success.","The Agriculture Officer's final advice—to select crops based on soil texture—is a fundamental principle of modern sustainable agriculture that ensures maximum yield with minimum input waste.


Scientific Accuracy: Soil texture is a permanent physical property that determines a soil's water-holding capacity, nutrient retention, and drainage. By evaluating the texture first, the officer helped Arman Ali identify which crops would naturally thrive on his riverbank land without needing excessive irrigation or chemical intervention.


Economic Viability: Choosing the wrong crop for a specific soil type leads to high production costs and low harvests. The officer's advice saved Arman Ali from financial loss by preventing him from investing in crops that were doomed to fail on riverbank soil. Instead, it guided him toward crops that offered the highest return on investment for that specific land.


Environmental Sustainability: When crops are well-suited to their soil, they require fewer chemical fertilizers and less frequent irrigation. This reduces the risk of nutrient leaching into the river and prevents soil degradation, ensuring that the land remains productive for future generations of farmers in the village.


Social Impact: The success of this advice did not just benefit Arman Ali; it served as a practical demonstration for the entire village. It transformed the traditional mindset of the local farmers into a more technical and scientific one, leading to collective food security and economic growth in the region. Thus, the officer's advice was highly effective and essential."
2019,Agriculture 1st Paper,Soil and Soil Management,Dhaka Board,Board,"Due to the high market price of aromatic rice, farmer Abir from Patuakhali district started cultivating aromatic BR-5 rice on his land with great interest. However, he was disappointed when he did not get the expected yield. Later, he contacted an agricultural officer for advice. After visiting his land and testing the soil, the agricultural officer advised him on careful crop selection and suggested using plenty of organic manure and providing heavy irrigation. Subsequently, he became more profitable by following the advice.",NA,What is agriculture?,At what pH value does soil become alkaline? Explain.,Explain the reason for the low crop production on farmer Abir's land.,Conduct a comparative analysis of Abir's actions in light of the stem.,"Agriculture is a primary production sector that involves the systematic cultivation of land, plants, and the rearing of animals to meet human needs for food, fiber, and other products.","Soil becomes alkaline when its pH value is greater than 7.0. This occurs due to the accumulation of basic salts like calcium, magnesium, and sodium in the soil, which increases the concentration of hydroxyl ($OH^-$) ions.


In alkaline conditions, the availability of essential micronutrients like iron, manganese, and boron decreases, which can hinder plant growth. In the context of Bangladesh, alkaline soils are commonly found in coastal regions where seawater intrusion or low rainfall prevents the leaching of basic salts from the topsoil.","The primary reason for the low crop production on Abir’s land was the unsuitability of the soil (alkalinity/salinity) for the specific variety of rice (BR-5) he chose to cultivate without prior testing. Patuakhali is a coastal district where soil alkalinity and salinity are prevalent issues that directly affect traditional high-yielding varieties.



Aromatic rice varieties like BR-5 are sensitive to soil conditions. If the soil has a high pH or high salt content, it disrupts the osmotic balance of the plants, making it difficult for them to absorb water and essential nutrients. This results in stunted growth and poor grain formation, leading to the disappointment Abir faced despite his hard work.


Furthermore, the lack of organic matter in the soil likely exacerbated the problem. Organic matter helps buffer soil pH and improves water retention. Without it, the harsh chemical properties of the alkaline soil dominated the environment, proving that crop selection based solely on market price without considering soil characteristics is a major cause of agricultural failure.","Abir’s actions can be divided into two distinct phases: his initial traditional approach based on market trends and his subsequent scientific approach based on expert advice. A comparative analysis reveals that the transition from a ""profit-only"" mindset to a ""science-based"" mindset was the turning point for his success.


Traditional vs. Scientific Decision Making: Initially, Abir chose his crop based on ""market price,"" which is a common but risky traditional practice. He ignored the most critical factor—soil suitability. In contrast, his second action involved consulting an agricultural officer and performing a ""soil test,"" which is the cornerstone of scientific farming. This ensured that his subsequent actions were aligned with the land's actual capacity.


Input Management (Organic vs. Chemical): It can be inferred that Abir initially lacked a proper fertilization strategy. However, following the officer's advice, he used ""plenty of organic manure."" Organic manure is essential for coastal alkaline soils as it improves soil structure and neutralizes toxicity. This shift from potentially unbalanced chemical use to organic-heavy management directly improved the biological health of his land.


Environmental Adaptation (Irrigation): The advice for ""heavy irrigation"" was a strategic move to leach out excess salts from the root zone, a technique specifically needed in coastal regions like Patuakhali. Abir’s willingness to adapt his irrigation method showed a move toward ""Precision Agriculture,"" where inputs are tailored to solve specific environmental constraints rather than following a general routine.


Economic Outcome: Abir's initial action led to ""disappointment"" and financial risk, whereas his action following the officer's advice made him ""more profitable."" This proves that in modern agriculture, expert consultation and soil health management are not just technical requirements but are essential economic strategies for sustainable income. His success eventually served as a model for moving away from guesswork toward evidence-based farming."
2019,Agriculture 1st Paper,Agriculture Information and Services,Dhaka Board,Board,Observe the two images below and answer the questions: [Image-A: A group of farmers sitting on the ground for a meeting; Image-B: A farmer in a banana plantation using a laptop].,"""C:\Users\BMTF\.antigravity\testpaper\Agri1_Ch_Cq_Image\agri1_Ch1_CQ13.png""",What is the Internet?,Why are field crops important for Bangladesh? Explain.,What kind of gathering is shown in Image-A of the stem? Explain.,"Between Image-A and Image-B shown in the stem, which one will be more effective in the agricultural sector of Bangladesh? Give arguments in favor of your opinion.","The Internet is a vast, global network of interconnected computers and devices that allows for the rapid sharing of information and communication across the world.","Field crops, such as rice, wheat, and jute, are the backbone of the Bangladeshi economy and food security. They provide the primary source of calories for the population and are essential for achieving self-sufficiency in food production.


Additionally, field crops like jute and sugarcane serve as vital raw materials for domestic industries and are major sources of foreign exchange earnings. Because they can be grown on a large scale across the country's vast plains, they provide employment to the majority of the rural workforce and ensure national stability.","Image-A shows a ""Farmers' Meeting"" (Krishok Sobha) or ""Courtyard Meeting"" (Uthan Boithok), which is a group-based extension method used to disseminate agricultural information at the grassroots level.


In this gathering, a Sub-Assistant Agriculture Officer or an expert sits with a group of local farmers in a familiar environment to discuss seasonal problems and modern techniques. This method is highly effective for building trust and community-level awareness because it allows for direct, face-to-face interaction.


Through these meetings, farmers can immediately clarify their doubts, share their own experiences with peers, and learn about new seeds or fertilizers collectively. It is an informal yet structured way to bridge the gap between agricultural research and the actual practitioners in the field.","In the context of ""Digital Bangladesh"" and the current modernization of the sector, Image-B (e-Agriculture/ICT use) will be more effective in the long run, although both methods have their specific roles.


Speed and Wide Reach: While a physical meeting (Image-A) is limited by time, location, and the number of participants, e-Agriculture (Image-B) can reach millions of farmers instantly. Using laptops or smartphones, farmers can access a global database of information, weather forecasts, and market prices from anywhere at any time.


Precision and Visual Learning: Digital platforms allow farmers to watch high-quality tutorials and use diagnostic apps for pest and disease identification. This provides a level of technical precision that a verbal discussion in a group meeting might lack, helping farmers apply modern scientific solutions accurately in their fields.


Overcoming Logistics and Labor Shortages: As the rural workforce shifts, the ability for a single farmer to use technology to manage large areas or get expert help without waiting for a physical visit from an officer is a game-changer. Digital services like the ""Krishi Batayon"" or call centers provide 24/7 support, which is crucial during emergencies like sudden pest outbreaks or natural disasters.


Conclusion: While group meetings are excellent for social mobilization and building initial trust, the scalability, accuracy, and real-time nature of ICT-based agriculture (Image-B) make it the most powerful tool for transforming Bangladesh into a high-tech, profitable agricultural nation. Investing in digital literacy for farmers is the most effective path toward sustainable food security."
2019,Agriculture 1st Paper,Agriculture Information and Services,Rajshahi Board,Board,"Sujan Mia is a farmer from Phultola village. To go to the market from home, he has to travel four kilometers in the scorching sun at noon. There is no shade anywhere to rest. Therefore, after discussing with a few farmers, he planted some forest tree saplings along the entire road. They decided to distribute the produced goods according to a contract.",NA,What is a field crop?,Why is tomato a horticultural crop? Explain.,Which sector of agriculture does the crop in the stem belong to? Explain.,Evaluate Sujan Mia's initiative in the context of Bangladesh.,"Field crops are those crops that are grown on a large scale in open fields for the purpose of food, fiber, or industrial use, such as rice, wheat, and jute.","Tomato is considered a horticultural crop because it requires intensive care, individual attention, and is typically grown on a smaller scale compared to field crops. It is highly perishable and has a high moisture content, which are key characteristics of horticultural produce.


Additionally, tomatoes are often grown in kitchen gardens or specialized plots with fencing and specific irrigation needs. Their cultivation is more focused on nutritional value and high market price per unit of land, fitting perfectly into the definition of vegetable horticulture.","The activity mentioned in the stem belongs to the Social Forestry (সামাজিক বনায়ন) sector of agriculture. This is a specialized branch where trees are planted and managed with the active participation of the local community on fallow lands or roadsides.


In the stem, Sujan Mia and other farmers took the initiative to plant trees along a public road for shade and future production. This move from individual farming to a community-based plantation is a core feature of social forestry. The goal is to maximize the utility of unused land for environmental and economic benefits.


Furthermore, the mention of a ""contract"" for distributing the produced goods (timber, fruit, or fuel) confirms it is social forestry. This sector ensures that the benefits of the forest are shared among the participants who take care of the trees, making it a sustainable agricultural model for rural development.","Sujan Mia’s initiative is highly significant and commendable in the context of Bangladesh, as it addresses environmental, social, and economic challenges simultaneously.


Environmental Restoration: Bangladesh is a country with limited forest cover. By planting trees along the four-kilometer road, Sujan Mia is directly contributing to the ecological balance, reducing the local temperature, and providing a carbon sink. This helps mitigate the effects of climate change at a local level.


Socio-Economic Benefits: The ""contract"" for distributing products ensures that the participating farmers will have an additional source of income in the future from timber and fruits. This acts as a safety net for rural families. Moreover, the shade provided by the trees makes the road more accessible for travelers and workers during the hot summer months, improving local infrastructure utility.


Sustainable Land Use: In a land-scarce country like ours, utilizing roadsides for tree plantation is an excellent example of vertical and marginal land management. Sujan Mia's initiative proves that agriculture can extend beyond traditional fields into public spaces to create ""green belts"" that protect the soil from erosion and provide natural resources without taking away land from food crops.


Conclusion: Sujan Mia's initiative serves as an ideal model for the ""Social Forestry Program"" of the government. It encourages community participation and self-reliance. If such initiatives are replicated across the country, it will not only make Bangladesh greener but also strengthen the rural economy through the sustainable management of forest resources."
2018,Agriculture 1st Paper,Agriculture Information and Services,Rajshahi Board,Board,"Jewel and Kader are two friends. After finishing their studies, they visit a research institute located in Joydebpur, Gazipur district, with the purpose of seeing it. After going there, they learn that the institute researches only rice. So far, the institute has developed sixty-two varieties of rice, most of which are high-yielding. Additionally, it has developed varieties of rice enriched with protein and zinc. In this way, the institute continues to provide assistance to farmers. Jewel and Kader believe that the institute will play an important role in the future to meet the food demand of the sixteen crore people of this country.",NA,What is agricultural information?,Why is ratoon crop cultivation profitable? Explain.,What is the name of the institute Jewel and Kader visited? What kind of assistance is the institute providing to the farmers? Explain.,What impact will the research institute seen by Jewel and Kader have on meeting the country's food demand in the future? Analyze in light of the stem.,"Agricultural information refers to the latest data, scientific findings, and technological updates regarding crop cultivation, livestock rearing, and soil management used to improve productivity.","Ratoon crop cultivation is profitable primarily because it eliminates the need for repeated land preparation, sowing, or transplanting, which significantly reduces labor and material costs. Since the new crop grows from the stubble of the previously harvested one, the initial growth period is shorter, leading to a quicker harvest.


Furthermore, this method requires less irrigation and fewer chemical inputs compared to a fresh plantation. In a country with limited land resources, ratoon cropping allows farmers to maximize their yield over a single year without the heavy financial burden of starting a completely new crop cycle, thereby increasing their net profit margin.","The institute visited by Jewel and Kader is the Bangladesh Rice Research Institute (BRRI). As described in the stem, this specialized institute is located in Joydebpur, Gazipur, and focuses exclusively on the research and development of rice varieties to ensure national food security.



BRRI provides vital technical assistance to farmers by developing and disseminating high-yielding varieties (HYV) that are suited to different agro-ecological zones of Bangladesh. By releasing sixty-two varieties (as per the stem), they offer farmers options that are resistant to pests, diseases, and climate stresses like drought or salinity.


Additionally, the institute assists farmers by providing scientific guidelines on modern cultivation practices and balanced fertilizer usage. By introducing bio-fortified rice enriched with essential nutrients like zinc and protein, BRRI helps farmers produce crops that not only increase their income through higher yields but also contribute to improving the nutritional health of the rural population.","The research institute (BRRI) will play a transformative role in meeting the future food demands of Bangladesh by ensuring a steady increase in production despite decreasing arable land and a growing population.


Ensuring Food Security: With sixteen crore people to feed, the development of high-yielding varieties is a mechanical necessity. The stem mentions that most of the 62 varieties developed are high-yielding; these varieties produce significantly more grain per hectare than traditional ones. This increased productivity is the only way to sustain national self-sufficiency in rice, the country's primary staple food.


Nutritional Security: The future impact of BRRI extends beyond just quantity to the quality of food. By developing rice enriched with protein and zinc, as noted in the stem, the institute is addressing the ""hidden hunger"" or micronutrient deficiencies prevalent in the country. This ensures that the future generation is not only fed but also healthy, which is crucial for long-term national development.


Climate Resilience and Sustainability: As environmental challenges like salinity and floods increase, the institute’s role in breeding stress-tolerant rice varieties becomes vital. By providing farmers with seeds that can survive extreme weather, BRRI minimizes the risk of total crop failure. This stability in production protects the national economy from the need for expensive food imports and keeps market prices stable for the general population.


Conclusion: Therefore, the scientific advancements made by this institute act as the backbone of Bangladesh's agricultural resilience. As Jewel and Kader believe, the continuous innovation in rice genetics and farming technology will be the key factor in feeding the nation's millions in the decades to come. The institute’s ongoing support transforms traditional farming into a modern, science-based industry capable of meeting any future crisis."
2018,Agriculture 1st Paper,Agriculture Information and Services,Dhaka Board,Board,Observe the images below and answer the questions: [Image-1: A laptop showing agricultural data; Image-2: A smartphone/mobile device].,"""C:\Users\BMTF\.antigravity\testpaper\Agri1_Ch_Cq_Image\agri1_Ch1_CQ16.png""",What is a field crop?,Why is social forestry important?,Explain the role of Image-2 of the stem in obtaining agricultural information and services.,"Between Image-1 and Image-2, which one is more useful for agricultural development? Give arguments in favor of your opinion.","Field crops are those crops that are grown on a large scale in wide, open fields for the purpose of food, fiber, or industrial raw materials, such as rice, wheat, and jute.","Social forestry is crucial because it involves the active participation of local communities in planting and managing trees on fallow lands, roadsides, and embankments. This helps in meeting the local demand for fuel, timber, and fodder while preventing soil erosion and maintaining ecological balance.


Furthermore, it provides an additional source of income for rural families and improves the overall socio-economic condition of the community. By creating a green belt, it protects the environment from the adverse effects of climate change and enhances the beauty of the countryside.","Image-2 represents a smartphone or mobile device, which plays a vital role as a primary tool for e-Agriculture in Bangladesh. It allows farmers to access real-time information through various agricultural mobile apps and SMS services, enabling them to make informed decisions about seed selection, weather patterns, and market prices.


One of the most significant roles is the ability to use ""Agriculture Call Centers"" (e.g., dialing 16123). This service provides direct access to agricultural experts who can diagnose crop diseases or pest attacks through verbal descriptions or photos sent via the device, offering immediate and expert remedies without the farmer needing to travel.


Additionally, mobile banking and digital payment systems integrated into these devices facilitate easy transactions for purchasing fertilizers and seeds. This digital connectivity reduces the gap between research institutions and the grassroots farmer, making information dissemination faster and more cost-effective than traditional methods.","Both Image-1 (laptop/computer) and Image-2 (smartphone) are essential tools for agricultural development, but Image-2 (Smartphone) is arguably more useful and impactful for the majority of farmers in the context of Bangladesh.


Portability and Accessibility: A smartphone is highly portable and can be carried directly into the field, allowing farmers to capture images of pests or diseased crops and receive immediate expert advice on-site. In contrast, a laptop (Image-1) requires a stable surface and is less convenient for real-time field diagnostics.


Cost-Effectiveness and Infrastructure: For a typical Bangladeshi farmer, a smartphone is more affordable than a laptop. Furthermore, mobile network coverage is significantly more widespread in rural areas compared to broadband or fixed-line internet required for optimal laptop use. This makes the smartphone a more democratic tool for information access among small-scale farmers.


Ease of Use: Modern agricultural apps and voice-command features on smartphones are designed for users with varying levels of literacy. Features like ""voice-to-text"" or calling expert helplines make it easier for farmers to communicate their problems compared to the more complex interface of a laptop, which often requires a higher level of technical proficiency.


Conclusion: While the laptop is superior for complex data analysis, research, and managing large-scale farm databases, the smartphone is the ultimate tool for ""last-mile"" delivery of information. Its ability to provide real-time, on-site solutions and financial services makes it the more effective and practical choice for driving agricultural development at the grassroots level in Bangladesh."
2017,Agriculture 1st Paper,Agriculture Information and Services,Dhaka Board,Board,Observe the image below and answer the questions: .,"""C:\Users\BMTF\.antigravity\testpaper\Agri1_Ch_Cq_Image\agri1_Ch1_CQ17.png""",What is agricultural education?,How is a mobile phone used in agricultural information services? Explain.,Which type of crop does the plant shown in the image belong to? Explain.,Is the cultivation of the plant shown in the image profitable? Give arguments in favor of your opinion.,"Agricultural education is the process of acquiring scientific knowledge, technical skills, and practical training related to crop production, livestock, fisheries, and forestry to improve agricultural productivity.","A mobile phone acts as a dynamic bridge between agricultural experts and farmers, allowing for the instant exchange of information. Farmers can dial dedicated helplines (like 16123 in Bangladesh) to speak directly with specialists about crop diseases, pest control, and soil management without leaving their fields.


Furthermore, smartphones allow farmers to use dedicated agricultural apps and social media groups to share photos of affected plants for visual diagnosis. This digital connectivity ensures that even remote farmers receive timely weather alerts and market price updates, which significantly reduces the risks associated with traditional farming.","The plant shown in the image is an Eggplant (Brinjal), which belongs to the category of Horticultural Crops. Horticultural crops are specifically defined as those that are usually cultivated on a smaller scale, often in gardens or high lands, and require intensive care, individual attention, and specialized management throughout their growth cycle.



Eggplant is considered a horticultural crop because it requires meticulous nursery management, transplanting of seedlings, and continuous weeding and irrigation. Unlike field crops that are grown over vast areas with collective management, each eggplant plant needs individual monitoring for pests like the fruit and shoot borer to ensure a healthy harvest.


Additionally, these crops are mostly consumed fresh and have a higher moisture content compared to field crops. They are typically grown in a defined ""garden"" setting (Udyan) rather than open ""fields"" (Math), making them a staple example of intensive vegetable cultivation in the horticultural sector.","Cultivating the plant shown in the image (Eggplant) is highly profitable from an economic and nutritional perspective in the context of Bangladesh.


High Market Demand: Eggplant is a versatile vegetable consumed daily by almost every household in the country, ensuring a constant and high demand in the market. Since it can be grown in multiple seasons (Kharif and Rabi), farmers can maintain a steady cash flow throughout the year by supplying fresh produce to urban centers where prices remain relatively stable and high.


High Yield in Limited Space: As a horticultural crop, eggplant provides a much higher yield per unit of land compared to traditional field crops like rice or wheat. Farmers with small landholdings can maximize their income by practicing intensive cultivation, utilizing high-yielding and hybrid varieties that produce a large number of fruits per plant, thus significantly increasing the net profit margin.


Nutritional and Social Value: Beyond financial gain, cultivating eggplant contributes to the nutritional security of the farmer's family by providing essential vitamins and minerals. It also creates employment opportunities for rural women and youth in activities like harvesting, sorting, and packaging, which strengthens the local rural economy and reduces poverty at the grassroots level.


Conclusion: Therefore, due to its low initial investment relative to its high market return and the possibility of year-round production, eggplant cultivation is a strategic and profitable choice for farmers. With the help of modern agricultural technology and proper pest management, it remains one of the most commercially viable vegetable crops for small and medium-scale farmers in Bangladesh."
2017,Agriculture 1st Paper,Agriculture Information and Services,Jessore Board,Board,"Mr. Zaman went to the Upazila Agriculture Officer because he was making less profit by cultivating rice in the Aman season. The Agriculture Officer discussed various fields of agriculture with him. He advised him to cultivate vegetables by applying an adequate amount of organic fertilizer to the land. He also advised him to apply irrigation and pesticides at the right time. Although the production cost increased due to this, Mr. Zaman became more profitable than before.",NA,What is the full form of BARI?,Why is an experienced farmer called a local information store? Explain.,Discuss comparatively between the fields of crops mentioned in the stem.,Evaluate the appropriateness of the Agriculture Officer's advice in making Mr. Zaman profitable.,The full form of BARI is Bangladesh Agricultural Research Institute.,"An experienced farmer is called a local information store because they possess extensive practical knowledge about local soil conditions, weather patterns, and crop varieties through years of hands-on experience. This indigenous technical knowledge (ITK) is often more relevant to the specific needs of local farmers than generic scientific data.


Furthermore, they serve as a primary source of advice for other farmers in the community regarding traditional pest control and organic farming techniques. Because they are easily accessible and speak the local language, their ""store"" of information is the most trusted resource for solving immediate agricultural problems in the village.","The stem mentions two distinct fields of crops: Field Crops (represented by the rice Mr. Zaman originally cultivated) and Horticultural Crops (represented by the vegetables recommended by the officer).


Field crops like rice are generally grown on a large scale in wide, open fields for mass consumption and food security. These crops usually have a lower market price per unit compared to vegetables and are often cultivated with less intensive individual plant care. In the stem, Mr. Zaman's initial focus on Aman rice highlights the large-scale, staple nature of field crops which sometimes yield lower profit margins due to high competition and lower unit prices.


On the other hand, horticultural crops like vegetables are grown on a smaller scale, often in gardens or high lands, and require intensive care, such as the specific irrigation and pest management mentioned by the officer. These crops have a higher moisture content and are highly perishable, but they command a much higher price in the market. By shifting focus toward these, Mr. Zaman was able to utilize organic fertilizers to enhance soil health and produce high-value commodities that significantly increased his income.","The advice provided by the Agriculture Officer was highly appropriate and strategically sound for increasing Mr. Zaman's profitability, as it addressed the core issues of soil health and high-value production.


Soil Health through Organic Fertilizer: By recommending an ""adequate amount of organic fertilizer,"" the officer addressed the potential soil exhaustion caused by continuous rice cultivation. Organic matter improves soil structure, water retention, and microbial activity, leading to healthier crops and better yields. This sustainable approach reduces the long-term dependency on expensive chemical fertilizers, which eventually lowers production costs relative to the output.


Shift to High-Value Crops: The transition from Aman rice (a field crop) to vegetables (horticultural crops) was the primary driver of profit. Vegetables have a higher market value per decimal of land and a shorter life cycle, allowing for multiple harvests in a year. Even though the officer warned that production costs (for irrigation and pesticides) would increase, the higher market price of vegetables more than compensated for these expenses, leading to a better net profit.


Precision Farming and Management: The officer's emphasis on applying irrigation and pesticides ""at the right time"" represents a move toward precision agriculture. Timing is critical in vegetable cultivation to prevent pest outbreaks and ensure optimal growth. This professional management style minimizes waste and ensures that every taka spent on inputs contributes directly to increasing the quality and quantity of the produce.


Conclusion: Therefore, the Agriculture Officer's intervention was successful because it combined technical soil management with commercial crop selection. Mr. Zaman’s increased profitability proves that modern agricultural advice, focusing on intensive care and high-value outputs, is essential for transforming traditional farming into a commercially viable enterprise. The officer’s plan was a perfect balance of scientific practice and economic reality."
2026,Agriculture 1st Paper,Bangladesh Agriculture and Agricultural Institutions,"Rajuk Uttara Model College, Dhaka",college,"Agriculturist Mr. Delwar joined the Bangladesh Rice Research Institute as a scientific officer after receiving higher education from Bangladesh Agricultural University. He has enriched Bangladesh's agriculture by inventing new technologies through relentless research. When he attends various seminars, he often says, ""The importance of agricultural education for the development of the agricultural sector is immense.""",NA,What is agricultural education?,What are the sources of getting information and services in the agriculture of Bangladesh?,Describe the work of the research institute joined by Mr. Delwar.,Analyze the statement of Mr. Delwar mentioned in the stem.,"Agricultural education is the systematic process of acquiring knowledge, skills, and training related to crop production, livestock rearing, fisheries, forestry, and overall agricultural management.","The primary sources of obtaining agricultural information and services in Bangladesh include institutional sectors like the Department of Agricultural Extension (DAE), Bangladesh Agricultural Research Council (BARC), and various specialized research institutes (e.g., BRRI, BARI). Additionally, digital platforms like agricultural call centers (16123), agricultural websites, and mobile apps serve as modern sources.


Furthermore, non-governmental organizations (NGOs) like BRAC, community-based agricultural clubs, input dealers (seed, fertilizer, and pesticide sellers), and local progressive farmers play a crucial role. Mass media, including specialized television programs (like 'Hridoye Mati O Manush'), radio broadcasts, and agricultural community radio stations, also extensively disseminate timely agricultural advice and services directly to the farmers.","The research institute joined by Mr. Delwar is the Bangladesh Rice Research Institute (BRRI). The primary responsibility of this national institution is to conduct extensive research on rice production, develop high-yielding variety (HYV) rice strains, and innovate modern production technologies to ensure food security in Bangladesh.


BRRI works closely on developing climate-resilient rice varieties, such as flood-tolerant, drought-tolerant, and salinity-tolerant strains, which help farmers maintain crop yields despite adverse environmental conditions. The institution also conducts experiments on pest management, soil health optimization, fertilizer management, and the mechanization of rice cultivation to reduce production costs.


Furthermore, BRRI transfers its innovated technologies and practices to farmers through training programs, workshops, and publications in collaboration with extension departments. By consistently producing improved breeder seeds and introducing sustainable farming methodologies, the institute plays a monumental role in keeping the nation self-sufficient in its staple food.","In the stem, Mr. Delwar emphasized that ""The importance of agricultural education for the development of the agricultural sector is immense."" This statement is completely accurate because sustainable agricultural development is impossible without scientific knowledge, skilled manpower, and modern technology, all of which are rooted in comprehensive agricultural education.


Firstly, agricultural education transforms traditional farming practices into modern, scientific operations. Through institutional education at various levels, farmers and professionals learn about advanced soil management, precise fertilizer application, climate-smart crop rotation, and balanced animal husbandry, which significantly increases productivity while minimizing environmental degradation.


Secondly, agricultural education fosters innovation and creates a workforce of agricultural experts, researchers, and extension officers. Experts like Mr. Delwar are products of agricultural universities who invent high-yielding, stress-tolerant crop varieties and automated machinery. Without this educational foundation, the country would lack the intellectual capital required to tackle emerging threats like climate change, pest outbreaks, and declining arable land.


In conclusion, agricultural education serves as the backbone of food security and rural economic development. It bridges the gap between laboratory research and field-level implementation, empowering farmers to transition from subsistence farming to commercial agribusiness, thereby validating Mr. Delwar's assertion."
2026,Agriculture 1st Paper,Bangladesh Agriculture and Agricultural Institutions,"Milestone College, Dhaka",college,"Bangladesh's second-largest university has been established on about 1261 acres of land on the western bank of the Old Brahmaputra River, 4 kilometers south of Mymensingh city. This campus is located 120 kilometers north of the capital city, Dhaka. It is an agriculture-related government university. Established on August 18, 1961, the institution currently has 44 departments operating.",NA,What is agricultural education?,What type of crop is potato? Explain.,Describe the objectives and functions of the institution mentioned in the stem.,Analyze the role that the institution mentioned in the stem is playing in the agricultural education and research of Bangladesh.,"Agricultural education is the process of acquiring systematic knowledge, practical skills, and scientific training related to crop production, livestock rearing, fisheries, forestry, and overall agricultural management.","Potato is a modified underground stem crop, botanically classified as a tuber crop. It serves as a major non-cereal carbohydrate source and is consumed globally as a highly versatile vegetable and staple food.


The plant stores excess food material in its underground stem branches, which swell up to form tubers. Rich in starch, vitamins, and minerals, potato plays a vital role as a cash crop in Bangladesh's winter season, filling nutritional gaps and ensuring dietary diversification alongside rice and wheat.","The institution indicated in the stem is Bangladesh Agricultural University (BAU). The primary objective of this pioneer institution is to produce highly skilled, technically proficient, and scientifically sound agricultural graduates, postgraduates, and researchers to lead the country's agrarian economy.


The key functions of BAU revolve around providing top-tier academic education across various faculties, including Agriculture, Veterinary Science, Animal Husbandry, Agricultural Engineering, Fisheries, and Agricultural Economics. The university designs modern curricula, conducts theoretical and hands-on laboratory experiments, and coordinates comprehensive field-level practical trials for its students.


Furthermore, BAU acts as a primary hub for advanced research, collaborating with national and international research organizations to solve complex agricultural problems. Through its extension services, the university also plays an essential role in transferring laboratory-developed technologies and farming techniques directly to rural communities, thereby contributing to rural empowerment.","The institution mentioned in the stem is Bangladesh Agricultural University (BAU), which plays a monumental and foundational role in shaping the agricultural education and research landscape of Bangladesh. As the nation's premier higher agricultural seat, its contributions form the backbone of the country's food security achievements.


In terms of agricultural education, BAU acts as the primary reservoir for producing skilled human resources. The university has generated thousands of agronomists, veterinarians, agricultural engineers, and fisheries experts who populate the country's extension departments, ministries, and private agribusinesses. By offering diverse, specialized departments, it ensures that every facet of modern agricultural science is addressed with academic rigor.


In the realm of agricultural research, BAU's contribution is peerless. Through its dedicated research wing, the Bangladesh Agricultural University Research System (BAURES), the university has innovated numerous high-yielding crop varieties, improved livestock breeds, and efficient aquaculture techniques. Notable breakthroughs include the development of modern rice varieties, advanced artificial insemination techniques, and eco-friendly pest management protocols.


In conclusion, BAU successfully bridges the gap between educational theory and transformative research. Its continuous supply of expert professionals and climate-resilient technologies has allowed Bangladesh to transition from a food-deficient nation to a self-sufficient one, fully justifying its status as the nucleus of the country's agricultural progress."
2026,Agriculture 1st Paper,Soil and Soil Properties,"Cantonment Public School and College, Mymensingh",college,"Sohel came from Rangpur to visit his maternal uncle's house in Madhupur of Tangail district. One day, his uncle took him around to see the pineapple gardens of Madhupur. From there, his uncle took him to his maternal aunt's house in Kushtia. There, he saw fields full of lentils, cotton, and sugarcane. He asked his uncle why different crops grow well in different regions. His uncle replied that this happens due to variations in the soil.",NA,What is soil fertility?,Why is soil conservation necessary?,Describe the necessary steps for the production of the cotton crop mentioned in the stem.,Evaluate the logical justification of the statement made by Sohel's uncle.,Soil fertility is the natural capacity of the soil to supply essential plant nutrients in balanced amounts and readily available forms for optimum plant growth.,"Soil conservation is necessary to prevent the loss of the topsoil layer due to erosion caused by water, wind, and human activities. The topsoil contains the highest amount of organic matter and essential nutrients required for plant nutrition, and losing it severely impacts agricultural yield.


Furthermore, conservation helps maintain soil moisture retention capacity, balances the microbial ecosystem, and prevents desertification. By preserving the structural integrity of the soil, it ensures sustainable food production, prevents environmental degradation, and preserves lands for future generations.","The cotton crop mentioned in the stem grows exceptionally well in the calcareous and fertile soils of regions like Kushtia. The production of cotton requires systematic steps, starting with thorough land preparation involving deep plowing and harrowing to achieve a fine tilth, followed by proper drainage management.


The next critical steps include seed selection, treatment, and sowing. High-quality, disease-resistant cotton seeds should be selected and treated with proper fungicides before sowing. Seeds are generally sown in lines keeping optimum row-to-row and plant-to-plant distance during the early Kharif season or late Rabi season depending on the variety.


Finally, intercultural operations and harvesting complete the production cycle. Regular weeding, thinning, balanced fertilizer application (comprising nitrogen, phosphorus, potash, and sulfur), and controlled irrigation are essential. Pests like bollworms must be managed using integrated pest management (IPM) practices, and the cotton bolls should be hand-picked cleanly when they mature and open up completely.","The statement made by Sohel's uncle that ""different crops grow well in different regions due to variations in the soil"" is highly logical and scientifically accurate. Soil is a complex dynamic medium, and its physical, chemical, and biological properties vary widely across different Agro-Ecological Zones (AEZs) in Bangladesh.


Firstly, the soil of Madhupur in Tangail belongs to the Madhupur Tract, which consists of red, highly weathered, clayey, and acidic soil. This specific type of soil, rich in iron and aluminum oxides with good drainage on hilly or high terraces, provides the ideal acidic pH and environmental conditions required for thriving pineapple plantations.


Secondly, the soil of Kushtia falls under the Ganges Floodplain, characterized by calcareous, loamy to clay loamy texture with a neutral to slightly alkaline pH. This nutrient-rich alluvial soil has high water-holding capacity and mineral content, which is perfectly suited for tap-rooted cash crops like cotton, deep-rooting sugarcane, and drought-tolerant pulses like lentils.


In conclusion, crop distribution is heavily dependent on soil characteristics such as texture, pH, organic matter content, and moisture retention. Farmers naturally select crops that match the intrinsic attributes of their regional soil to ensure high yield and economic profitability. Therefore, his uncle's explanation precisely captures the fundamental relationship between soil diversity and regional agricultural patterns."
2026,Agriculture 1st Paper,Bangladesh Agriculture and Agricultural Institutions,"Cantonment Public School and College, Mymensingh",college,"Rice farmer Rafiq Miah often faces various problems. A friend of his informs him that with the help of information technology at home, one can get necessary advice to improve crop yield and control pests and diseases. The friend advises him to contact a special institution that helps farmers not only with rice but also with improving the cultivation of crops like fisheries, cotton, tea, silk, etc., and using new technology and machinery in this regard.",NA,What is BARI?,Write the functions of Agricultural Information Service (AIS).,Describe the role of the institution mentioned in the stem in disseminating agricultural technology.,Evaluate the importance of the advice given by Rafiq Miah's friend.,"BARI stands for Bangladesh Agricultural Research Institute, which is the largest multi-crop research institution in the country conducting research on various non-rice crops.","The Agricultural Information Service (AIS) serves as the primary mass communication wing of the Ministry of Agriculture. Its primary role is to collect modern, scientific agricultural technologies from research institutes and translate them into simple, understandable messages for farmers through mass media.


Furthermore, AIS publishes agricultural magazines (like 'Krishi Kotha'), scripts and broadcasts radio and television programs (such as 'Mati O Manush' or 'Banglar Krishi'), manages specialized agricultural mobile applications, and operates the agricultural call center helpline (16123) to deliver immediate solutions to farmers' field problems.","The special institution mentioned in the stem that coordinates the improvement and dissemination of diverse agricultural sectors (including crops, fisheries, cotton, tea, silk, etc.) and machinery is the Department of Agricultural Extension (DAE) acting under the broader umbrella of agricultural extension services.


DAE plays a pivotal role in technology dissemination by bridging the gap between research laboratories and actual field implementation. Block-level Sub-Assistant Agriculture Officers (SAAOs) work directly at the grassroots level, holding yard meetings, training workshops, and method demonstrations to teach farmers how to properly apply new techniques, operate advanced machinery, and use high-yielding seeds.


Furthermore, the institution sets up practical demonstration plots in farmers' fields to visibly show the superior results of newly developed technologies over traditional methods. By providing timely field advisories, distributing subsidized machinery, and organizing agricultural fairs, it accelerates the mass adoption of sustainable and modernized farming practices across the country.","The advice given by Rafiq Miah's friend is highly significant, timely, and carries immense practical importance for transitioning traditional subsistence farming into a profitable and technologically advanced enterprise.


Firstly, the advice introduces the power of Information and Communication Technology (ICT) into a farmer's daily workflow. By accessing digital resources, agricultural call centers, and websites from home, Rafiq Miah can save valuable time and money that would otherwise be spent traveling to sub-district offices, allowing him to diagnose crop diseases and implement pest management strategies before major damage occurs.


Secondly, the advice guides him toward institutional help from professional bodies like DAE. This opens up opportunities for diversification; instead of relying solely on risky or low-profit traditional rice farming, Rafiq Miah can learn scientific methods for high-value ventures like fisheries, cotton, or silk cultivation, significantly improving his financial security and expanding his livelihood choices.


In conclusion, his friend's advice acts as an eye-opener that empowers a grassroot farmer with knowledge-based solutions. It bridges the information gap, reduces dependency on unreliable local middlemen, and motivates the adoption of modernized tools and techniques, making it absolutely crucial for ensuring economic prosperity and sustainable agricultural growth."
2025,Agriculture 1st Paper,Crop Cultivation,"Rajuk Uttara Model College, Dhaka",college,"Rafiz goes to visit his village home during the winter vacation. He sees that his uncle has cultivated one type of crop on low and medium-low lands, and another type of crop on high lands. By talking to his uncle, Rafiz learns about the differences between field crops and horticultural crops. Finally, his uncle says, ""The cultivation of horticultural crops is more profitable.""",NA,What is agriculture?,What are the sources of getting information and services in the agriculture of Bangladesh?,Determine the differences between the crops mentioned in the above stem.,Analyze the final statement of Rafiz's uncle mentioned in the above stem.,"Agriculture is the primary production sector that involves the scientific cultivation of land to produce crops, along with the rearing of livestock, poultry, fisheries, and forestry for human sustenance.","The primary institutional sources for obtaining agricultural information and services in Bangladesh include the Department of Agricultural Extension (DAE), Bangladesh Agricultural National Research Institutes (like BARI, BRRI, BJRI), and the Agricultural Information Service (AIS). These organizations systematically diffuse modern farming technologies from labs to fields.


Additionally, non-governmental organizations (NGOs) like BRAC, local input retailers, community-based farmers' clubs, and progressive model farmers serve as crucial local sources. Digital mediums such as the agricultural call center helpline (16123), dedicated mobile apps, and mass media broadcasts (such as TV and radio agricultural programs) also play a massive role in delivering real-time consultation.","The two types of crops mentioned in the stem are field crops (cultivated on low and medium-low lands) and horticultural crops (cultivated on high lands). Field crops include staples like rice, wheat, and jute, which are grown on a large scale across vast open fields without individual plant-by-plant care.


In contrast, horticultural crops encompass fruits, vegetables, flowers, spices, and plantation crops that require intensive care and are usually grown on well-drained, raised plots with boundary fences. Field crops are typically harvested all at once at maturity and have a longer shelf-life when properly dried, whereas horticultural crops are often harvested in phases and are highly perishable.


Furthermore, the investment and economic return structures differ. Field crops require less intensive labor per unit area and lower initial management costs, whereas horticultural crops demand high initial investments in quality seeds, structural fencing, systematic irrigation, and constant protective operations against pests and environmental changes.","The statement made by Rafiz's uncle, ""The cultivation of horticultural crops is more profitable,"" is highly accurate, logically justified, and reflects the modern economic realities of commercial agriculture.


Firstly, horticultural crops (such as fruits, off-season vegetables, and flowers) command a much higher market price per unit of land compared to traditional field crops like rice or wheat. Since these crops often cater to daily dietary needs, nutritional trends, and urban luxury demands, their market value remains consistently high, allowing smallholders to maximize cash inflows from limited land holdings.


Secondly, horticulture allows for advanced practices like multi-tier cropping, greenhouse farming, and off-season production. Producing vegetables or fruits before or after their natural seasonal peak allows farmers to sell their yield at premium rates when market supply is low, generating exponentially higher profit margins than staple grains that have fixed or controlled pricing.


In conclusion, although horticultural farming involves higher input costs, structural management, and perishability risks, its exceptionally high yield potential and market demand yield a significantly better cost-benefit ratio. Therefore, shifting from subsistence field cropping to high-value horticultural production is a proven strategy for accelerating rural prosperity, making his uncle's assertion entirely correct."
2025,Agriculture 1st Paper,Bangladesh Agriculture and Agricultural Institutions,Dhaka Residential Model College,college,"Naim's father is an experienced farmer. Naim has come with his father to get admitted to Bangladesh Agricultural University. He walks around different places of the agricultural university with his father. There, he is fascinated by seeing seedlings of various types of flowers, fruits, vegetables, and other plants.",NA,Write the names of two agricultural research institutions in Bangladesh.,Explain what 'Farmers Field School' (Krishok Math Skool) is.,How can Naim and his father benefit from the said university?,Explain what contribution Naim's father can make to the agriculture of Bangladesh.,Two prominent agricultural research institutions in Bangladesh are the Bangladesh Agricultural Research Institute (BARI) and the Bangladesh Rice Research Institute (BRRI).,"Farmers Field School' (FFS) is a participatory, field-based training approach where a group of local farmers meet regularly throughout a crop cycle to learn sustainable farming practices directly from hands-on observation. It operates on the principle of ""learning by doing"" rather than conventional classroom lecturing.


The primary goal of this school is to empower farmers to become experts in their own fields. Through FFS, farmers learn advanced topics such as Integrated Pest Management (IPM), soil fertility conservation, balanced fertilizer usage, and climate-smart irrigation. This collective learning process enhances local decision-making and helps reduce reliance on costly chemical inputs.","The university mentioned in the stem is Bangladesh Agricultural University (BAU). Naim and his father can benefit enormously from this pioneer institution across academic, practical, and informational spectrums.


For Naim, the institution provides a world-class academic platform to pursue professional higher education in various specialized fields like Agronomy, Veterinary Science, Fisheries, and Agricultural Engineering. Graduating from here will equip him with the scientific insight and credentials necessary to build a rewarding career as an agricultural officer, researcher, or modern entrepreneur.


For his father, who is an experienced farmer, the university acts as a repository of modern technological innovation. By exploring its research plots, nurseries, and technology extension hubs, he can gain direct access to newly developed high-yielding or stress-tolerant crop seedlings, advanced cattle rearing methodologies, and cost-efficient farm machinery. This direct knowledge transfer will allow him to upgrade his traditional field methods, cut down production costs, and exponentially increase his farm's commercial profitability.","As an experienced farmer who has now gained direct exposure to modern agricultural sciences at Bangladesh Agricultural University, Naim's father can make monumental contributions to the country's agrarian economy at the grassroots level.


1. Adoption and Dissemination of Innovation: By being a progressive cultivator, he can act as a bridge between scientific research and field application. He can set up practical demonstration plots in his village to test new climate-resilient varieties and mechanical harvesters, proving their efficiency to conservative neighbors.


2. Leading Local Knowledge Exchange: Using his extensive practical background combined with newly gathered institutional concepts, he can actively lead local farmer groups or informal community discussions. He can guide fellow smallholders on precise fertilizer ratios, biological pest control, and efficient water conservation, accelerating the modernization of his entire village.


3. Promoting Commercial Diversification: Instead of focusing strictly on traditional low-value grains, Naim's father can pioneer high-value commercial horticulture, advanced fish farming, or integrated dairy operations. This diversification not only maximizes his personal income but inspires a shift toward market-driven agribusiness among nearby communities, boosting rural employment and local food security."